,accuracy,roc_auc,pr_auc
gradient_boosting,0.7378732221908261,0.5680681303321315,0.3130290132015131
logistic_regression,0.7378732221908261,0.7910730596455686,0.7111952404612931
random_forest,0.7378732221908261,0.5226739634516469,0.283361279078246
