,accuracy,roc_auc,pr_auc
gradient_boosting,0.7108411038899878,0.5601971402662749,0.32459479986674983
logistic_regression,0.7108411038899878,0.8299742352916296,0.7362941327533348
random_forest,0.7108411038899878,0.501086718669411,0.28940875202696664
