,accuracy,precision,recall,f1_score,roc_auc,pr_auc
logistic_regression,0.8001,0.0,0.0,0.0,0.5011772043377019,0.20018724887472533
random_forest,0.800095,0.3333333333333333,2.5012506253126565e-05,5.0021259035089915e-05,0.5009493691196305,0.20020386510756888
gradient_boosting,0.800085,0.2857142857142857,5.002501250625313e-05,0.00010003251056593393,0.5023097723246075,0.20080771724411006
