,accuracy,roc_auc,pr_auc
gradient_boosting,0.7303381369501742,0.5389272455098721,0.29063662419395203
logistic_regression,0.7303381369501742,0.7924432611753076,0.5467764308414288
random_forest,0.7303381369501742,0.506936619014075,0.27491077882875803
