,accuracy,precision,recall,f1_score,roc_auc,pr_auc
logistic_regression,0.799985,0.0,0.0,0.0,0.5014058631877977,0.20174630904071264
random_forest,0.79996,0.0,0.0,0.0,0.4993712793490275,0.2003685674920494
gradient_boosting,0.79998,0.0,0.0,0.0,0.4986030831058609,0.19912190506678024
