model,accuracy,precision,recall,f1_score,roc_auc,pr_auc
logistic_regression,0.550545799715235,0.5840368380660015,0.6526586620926244,0.6164439044147428,0.5700688840564123,0.6195196410863568
random_forest,0.5576649264356905,0.5756791720569211,0.7632933104631218,0.6563421828908554,0.5707100580930108,0.6147431381015712
gradient_boosting,0.5870906502135738,0.6,0.7615780445969125,0.6712018140589568,0.6080230148212824,0.6482254451156013
